Entity,Name,Damage,Duration,Duration (s),Cooldown,Range Min,Range Max,Weight,Hit Frame,Radius,Hitbox,Damage Type,Query Type,Events,Instakill
boss_morak,Cataclysm,24,150,5.00,,,,,130,9,,slash,sphere,1,
boss_morak,Drop Tyrfing,,24,0.80,,,,,,,,,,0,
boss_morak,Erratic Slashing,16,100,3.33,,,,,44,,1.5x3x1,slash,box,1,
boss_morak,Grow,0,80,2.67,,,,,3,2.5,,punch,sphere,2,
boss_morak,Initial Transform,,90,3.00,,,,,,,,,,0,
boss_morak,Open Portal Caves,,60,2.00,,,,,,,,,,0,
boss_morak,Open Portal Crypts,,60,2.00,60,5,50,3,,,,,,0,
boss_morak,Open Portal Lava,,60,2.00,,,,,,,,,,0,
boss_morak,Quick Attack,16,45,1.50,,,,,0,,1.5x2x1,slash,box,1,
boss_morak,Shrink,,45,1.50,,,,,,,,,,0,
boss_morak,Spawn Illusions,,5,0.17,,,,,,,,,,0,
boss_morak,Summon Trap Spikes,,300,10.00,15,5,50,2,0,,,,,10,

boss_morak_illusion,Cataclysm,24,150,5.00,,,,,130,9,,slash,sphere,1,
boss_morak_illusion,Drop Tyrfing,,24,0.80,,,,,,,,,,0,
boss_morak_illusion,Erratic Slashing,16,100,3.33,,,,,44,,1.5x3x1,slash,box,1,
boss_morak_illusion,Grow,0,80,2.67,,,,,3,2.5,,punch,sphere,2,
boss_morak_illusion,Initial Transform,,90,3.00,,,,,,,,,,0,
boss_morak_illusion,Open Portal Caves,,60,2.00,,,,,,,,,,0,
boss_morak_illusion,Open Portal Crypts,,60,2.00,60,5,50,3,,,,,,0,
boss_morak_illusion,Open Portal Lava,,60,2.00,,,,,,,,,,0,
boss_morak_illusion,Quick Attack,16,45,1.50,,,,,0,,1.5x2x1,slash,box,1,
boss_morak_illusion,Shrink,,45,1.50,,,,,,,,,,0,
boss_morak_illusion,Spawn Illusions,,5,0.17,,,,,,,,,,0,
boss_morak_illusion,Summon Trap Spikes,,300,10.00,15,5,50,2,0,,,,,10,

boss_morak_sword,Chop Chop,32,25,0.83,20,0,20,2.5,24,,3x3x2,punch,box,1,
boss_morak_sword,Chop Chop Start,32,61,2.03,,,,,49,3,,punch,sphere,1,
boss_morak_sword,Rift,15,90,3.00,20,3,15,2,70,,2x11x1,fire,box,1,
boss_morak_sword,Slash,16,50,1.67,,,,,20,,2x2.5x1,slash,box,1,
boss_morak_sword,Spawn,16,45,1.50,,,,,20,,1x1.5x1,slash,box,1,
boss_morak_sword,Stab,16,30,1.00,,,,,0,,1x2.5x1,slash,box,1,
boss_morak_sword,Stab Windup,,40,1.33,,,,,,,,,,0,
boss_morak_sword,Tyrfing Return,,20,0.67,,,,,,,,,,0,
boss_morak_sword,Wave Slash,24,60,2.00,20,10,30,3,30,1,,pierce,projectile,1,

boss_mummy,Bash,128,89,2.97,20,0,50,0.8,54,,2x2x2,punch,box,1,
boss_mummy,Nuke,1000,70,2.33,,,,,45,,3x3x3,,box,6,
boss_mummy,Raise Mummies,,70,2.33,60,1,50,0.5,,,,,,0,
boss_mummy,Spawn Heart,,149,4.97,,,,,,,,,,0,
boss_mummy,Step Left,16,1,0.03,,,,,0,,1x1x1,shieldbash,box,1,
boss_mummy,Step Right,16,1,0.03,,,,,0,,1x1x1,shieldbash,box,1,
boss_mummy,Stomp,128,30,1.00,,,,,5,3,0.6x0.4x0.5,punch,sphere,1,
boss_mummy,Tantrum,16,120,4.00,20,0,50,0.8,39,,1x1x1,shieldbash,box,2,
boss_mummy,Tantrum Tier2,16,150,5.00,,,,,39,,1x1x1,shieldbash,box,2,
boss_mummy,Tantrum Tier3,16,185,6.17,,,,,39,,1x1x1,shieldbash,box,2,

boss_mummy_fallingrock,Crush,10,100,3.33,,,,,60,1.5,,punch,sphere,1,

boss_orox,Charge,16,,,6,,,1000,29,,2x1x2,slash,box,1,
boss_orox,Chomp,16,55,1.83,6,,,10,30,,2.2x1x0.5,slash,box,1,
boss_orox,Leap Smash,128,120,4.00,,,,,1,5,,punch,sphere,2,
boss_orox,Push Others,,,,,,,,1,,2.5x1.5x1,,box,1,
boss_orox,Roar,,30,1.00,,,,,,,,,,0,
boss_orox,Summon Dwellers,,60,2.00,10,0,50,100,,,,,,0,

boss_orox_fallingrock,Crush,12,65,2.17,,,,,60,2,,croc_crusher,sphere,1,

carry_barrel_caves,Explode,32,75,2.50,,,,,,3,,barrel_explosion,sphere,1,

carry_barrel_crypt,Explode,32,75,2.50,,,,,,3,,barrel_explosion,sphere,1,

carry_barrel_lava,Explode,32,75,2.50,,,,,,3,,barrel_explosion,sphere,1,

carry_boulder,Boulder Toss,35,20,0.67,,,,,0,,1x1x1,,box,1,
carry_boulder,Impact,10,1,0.03,,,,,0,2,,,sphere,1,

cultist_armor,On Death,,5,0.17,,,,,,,,,,0,
cultist_armor,Stab,20,30,1.00,,,,,1,,0.3x2.5x0.5,pierce,box,1,
cultist_armor,Stab Windup,,40,1.33,3,2,6,1,,,,,,0,

cultist_armor_corpse,On Death,,5,0.17,,,,,,,,,,0,
cultist_armor_corpse,Reform,,300,10.00,,,,,,,,,,0,

cultist_novice,Slash,12,40,1.33,2,0.5,1.5,1,11,,1x0.8x0.5,slash,box,1,

cultist_sorcerer,Activate Book,,119,3.97,,,,,1,,,,,1,
cultist_sorcerer,Activate Staff,,112,3.73,,,,,1,,,,,1,
cultist_sorcerer,Psychic Attack,,240,8.00,20,0,15,5,1,,,,,2,
cultist_sorcerer,Psychic Attack Single Damage,32,1,0.03,,,,,0,,,,,1,
cultist_sorcerer,Shadow Serpent,16,75,2.50,6,3,20,1,50,0.4,,,projectile_serpent,2,
cultist_sorcerer,Shield Spawner,,,,15,,,5,15,,,,,1,

cultist_zealot,On Death,0/8,80,2.67,,,,,,1.5,,pierce,"sphere, projectile",5,
cultist_zealot,Slash,16,40,1.33,1,0,2,1,11,,1.3x1x0.5,slash,box,1,

death,Dive,100,30,1.00,,,,,8,,,,,1,yes
death,Drainfield,0,,,,,,,0,,2x2x2,,box,1,

demon_heavy,Confusing Glare,0/10,220,7.33,18,0,20,1.5,1,,30x30x1,,box,2,
demon_heavy,Demon Egg,0,50,1.67,5,0,20,1,40,,,,projectile_lob,1,
demon_heavy,On Death,20,62,2.07,,,,,62,4,,,sphere,1,
demon_heavy,Spiral Orbs,24,40,1.33,10,0,20,2,20,0.6,,pierce,projectile_spiral,1,
demon_heavy,Super Nova End,24,90,3.00,,,,,5,0.6,,pierce,projectile,4,
demon_heavy,Super Nova Start,24,120,4.00,10,0,20,2.5,50,0.6,,pierce,projectile,15,

demon_melee,Slash,16,29,0.97,1,0.5,1.5,1,11,,0.6x0.7x0.5,slash,box,1,

demon_overlord_mini,Orboffire,,90,3.00,8,0,15,1.5,30,1,,,sphere,1,
demon_overlord_mini,Orboffire Explosion,24,10,0.33,,,,,1,1,,barrel_explosion,sphere,1,

demon_ranged,Demon Bolts,16,150,5.00,,,,,20,0.6,,pierce,projectile,5,
demon_ranged,Demon Bolts Windup,,40,1.33,3,0,25,1,,,,,,0,
demon_ranged,Leap,,70,2.33,10,1,40,30,,,,,,0,

demon_ranged_dark_trail,Dark Trail,15,5,0.17,,,,,1,2,,fire,sphere,1,
demon_ranged_dark_trail,Dark Trail Event Data,0,1,0.03,,,,,,,,,,0,

elemental_haste,Collide,1,1,0.03,,,,,0,,,,,1,
elemental_haste,Explode,0,5,0.17,,,,,0,5,,ice,sphere,1,

elemental_heal,Collide,1,1,0.03,,,,,0,,,,,1,
elemental_heal,Explode,,5,0.17,,,,,0,5,,ice,sphere,1,

elemental_ice,Collide,1,1,0.03,,,,,0,,,,,1,
elemental_ice,Explode,0,5,0.17,,,,,0,5,,ice,sphere,1,

elemental_poison,Collide,1,1,0.03,,,,,0,,,,,1,
elemental_poison,Explode,0,5,0.17,,,,,0,3,,ice,sphere,1,

elemental_poison_gascloud,Gas,0,150,5.00,,,,,0,5,,poison,sphere,1,

elemental_shockwave,Collide,1,1,0.03,,,,,0,,,,,1,
elemental_shockwave,Explode,0,5,0.17,,,,,0,5,,ice,sphere,1,

elf_talisman01,Ultrashot,300/20,30,1.00,,,,,21,0.5,,,"projectile, sphere",2,

elf_talisman02,Cast,,20,0.67,300,,,,,,,,,0,
elf_talisman02,Dryads Song,,300,10.00,,,,,1,,,ice,,9,

elf_talisman03,Wisps Cast,10,100,3.33,60,,,,20,0.6,,pierce,projectile_spiral,1,

"elf_weapon01, elf_weapon05",Bombshot Explosion,40,41,1.37,,,,,19,,2.4x2.4x5,,box,1,
"elf_weapon01, elf_weapon05",Drop Bomb,,1,0.03,,,,,,,,,,0,
"elf_weapon01, elf_weapon05",Light Shot,10,15,0.50,,,,,0,0.05,,weak_shot,projectile_lob,1,
"elf_weapon01, elf_weapon05",Magic Bomb,,1,0.03,180,,,,,,,,,0,
"elf_weapon01, elf_weapon05",Magic Shot,1,15,0.50,,,,,2,0.01,,pierce,projectile,1,
"elf_weapon01, elf_weapon05",Sniper Aim,,,,,,,,,,,,,0,
"elf_weapon01, elf_weapon05",Sniper Recovery,,15,0.50,,,,,,,,,,0,
"elf_weapon01, elf_weapon05",Sniper Shot,25,8,0.27,,,,,0,0.01,,pierce,projectile,1,
"elf_weapon01, elf_weapon05",Tumble,0,30,1.00,1-15f,,,,1,,0.35x0.65x0.5,,box_sweep,1,
"elf_weapon01, elf_weapon05",Windup Bow,,15,0.50,,,,,,,,,,0,

elf_weapon02,Bombshot Explosion,40,41,1.37,,,,,19,,2.4x2.4x5,,box,1,
elf_weapon02,Drop Bomb,,1,0.03,,,,,,,,,,0,
elf_weapon02,Light Shot,10,15,0.50,,,,,0,0.05,,weak_shot,projectile_lob,1,
elf_weapon02,Magic Bomb,,1,0.03,450,,,,,,,,,0,
elf_weapon02,Magic Shot,1,15,0.50,,,,,2,0.01,,pierce,projectile,1,
elf_weapon02,Root Bomb,,4,0.13,,,,,,,,,,0,
elf_weapon02,Root Shot,5,15,0.50,,,,,2,0.01,,pierce,projectile,1,
elf_weapon02,Root Shot Explosion,10,4,0.13,,,,,1,,2x8x1,pierce,box,1,
elf_weapon02,Sniper Aim,,,,,,,,,,,,,0,
elf_weapon02,Sniper Recovery,,15,0.50,,,,,,,,,,0,
elf_weapon02,Sniper Shot,15,8,0.27,,,,,0,0.01,,pierce,projectile,1,
elf_weapon02,Tumble,0,30,1.00,1-15f,,,,1,,0.35x0.65x0.5,,box_sweep,1,
elf_weapon02,Windup Bow,,15,0.50,,,,,,,,,,0,

elf_weapon03,Bombshot Explosion,40,41,1.37,,,,,19,,2.4x2.4x5,,box,1,
elf_weapon03,Clusterbomb Explosion,10,4,0.13,,,,,1,2,,,sphere,1,
elf_weapon03,Drop Bomb,,1,0.03,,,,,,,,,,0,
elf_weapon03,Light Shot,10,15,0.50,,,,,0,0.05,,weak_shot,projectile_lob,1,
elf_weapon03,Magic Bomb,,1,0.03,180,,,,,,,,,0,
elf_weapon03,Magic Shot,1,15,0.50,,,,,2,0.01,,pierce,projectile,1,
elf_weapon03,Mortar Shot,100,15,0.50,,,,,2,0.15,,fire,projectile_lob,1,
elf_weapon03,Mortar Shot Explosion,10,4,0.13,,,,,1,1,,fire,"sphere, projectile_lob",2,
elf_weapon03,Sniper Aim,,,,,,,,,,,,,0,
elf_weapon03,Sniper Recovery,,15,0.50,,,,,,,,,,0,
elf_weapon03,Sniper Shot,25,8,0.27,,,,,0,0.01,,pierce,projectile,1,
elf_weapon03,Tumble,0,30,1.00,1-15f,,,,1,,0.35x0.65x0.5,,box_sweep,1,
elf_weapon03,Vault Shot,,35,1.17,,,,,,,,,,0,
elf_weapon03,Windup Bow,,15,0.50,,,,,,,,,,0,

elf_weapon04,Bombshot Explosion,40,41,1.37,,,,,19,,2.4x2.4x5,,box,1,
elf_weapon04,Drop Bomb,,1,0.03,,,,,,,,,,0,
elf_weapon04,Light Shot,10,15,0.50,,,,,0,0.05,,weak_shot,projectile_lob,1,
elf_weapon04,Magic Bomb,,1,0.03,150,,,,,,,,,0,
elf_weapon04,Magic Shot,1,15,0.50,,,,,2,0.01,,pierce,projectile,1,
elf_weapon04,Shadow Bomb,10,6,0.20,,,,,1,3,,,sphere,2,
elf_weapon04,Shadow Burn,8,16,0.53,,,,,1,,0.2x0.2x2,,box,2,
elf_weapon04,Shadow Shot,5,15,0.50,,,,,2,0.01,,pierce,projectile,1,
elf_weapon04,Shadowburn Explosion,10,1,0.03,,,,,1,3,,,sphere,1,
elf_weapon04,Sniper Aim,,,,,,,,,,,,,0,
elf_weapon04,Sniper Recovery,,15,0.50,,,,,,,,,,0,
elf_weapon04,Sniper Shot,25,8,0.27,,,,,0,0.01,,pierce,projectile,1,
elf_weapon04,Tumble,0,30,1.00,1-15f,,,,1,,0.35x0.65x0.5,,box_sweep,1,
elf_weapon04,Windup Bow,,15,0.50,,,,,,,,,,0,

enemy_template,Some Cool Ability,10,20,0.67,2,0,1.5,1,5,,0.5x1.5x0.5,slash,box,1,

firebomb,Firebomb Explode,128,1,0.03,,,,,0,3,,,sphere,1,
firebomb,Firebomb Start,,60,2.00,,,,,50,,,,,1,

firetrail_area,Trailblazer,,150,5.00,,,,,0,,0.75x0.75x0.75,fire,box,1,

firetrail_area_tier3,Trailblazer,,300,10.00,,,,,,,,,,1,

ghost,Idle,8,,,,,,,0,,0.5x0.7x0.5,slash,box,1,

goldspawner,Spawn Gold,,120,4.00,,,,,,,,,,0,

grunt_scavenger,Claw Swing,8,29,0.97,1,0,1.2,1,11,,0.6x0.7x0.5,slash,box,1,

grunt_scavenger_buffed,Claw Swing,12,29,0.97,1,0,1.2,1,11,,0.6x0.7x0.5,slash,box,1,

grunt_shaman,Activate,,36,1.20,,,,,1,,,,,1,
grunt_shaman,Buff Spawner,,,,6,,,3,19,,,,,1,
grunt_shaman,Projectile,10,135,4.50,5,1,20,1,39,0.5,,punch,projectile,1,
grunt_shaman,Projectile Split,0/8,30,1.00,,,,,1,1.5,,pierce,"sphere, projectile",3,

homing_skull_projectile,Collide,16,,,,,,,0,,0.4x0.4x2,,box,1,
homing_skull_projectile,Expire,,10,0.33,,,,,,,,,,0,

lake_dweller,Claw Swing,8,29,0.97,1,0,1.3,1,11,,0.5x0.6x0.5,slash,box,1,

lich,Ghost Swarm,,75,2.50,10,5,50,3,,,,,,0,
lich,On Death,,120,4.00,,,,,,,,,,0,
lich,On Spawn Raise Skeletons,,30,1.00,,,,,,,,,,0,
lich,Raise Skeletons,,80,2.67,10,0,50,2,,,,,,0,
lich,Shadowbeam Left To Right,0/24,140,4.67,15,0,50,1,10,,,ice,"swipe, sphere",4,
lich,Shadowbeam Right To Left,0/24,140,4.67,15,0,50,1,10,,,ice,"swipe, sphere",4,
lich,Shadowdive,,152,5.07,20,5,50,4,1,,,,,1,
lich,Shadowdive Appear,32,30,1.00,,,,,1,5,,,sphere,1,

living_statue,Charge,10,80,2.67,12,7,14,1,20,,1.5x1.2x1,punch,box,1,
living_statue,Charge Hit Avatar,,65,2.17,,,,,,,,,,0,
living_statue,Charge Hit Wall,,35,1.17,,,,,,,,,,0,
living_statue,Charge Stop,10,120,4.00,,,,,1,3,,punch,sphere,3,
living_statue,Punch,24,60,2.00,5,1,3,1,18,,0.6x2.3x1,punch,box,1,
living_statue,Spawned,,60,2.00,,,,,,,,,,0,
living_statue,Wake Up,,50,1.67,,,,,,,,,,0,
living_statue,Wall,,330,11.00,15,10,50,1,,,,,,0,

living_statue_blocker,Spawn,0,90,3.00,,,,,1,,3x1x3,slash,box,1,

misc_weapon_spine01,Slam,96,30,1.00,,,,,6,,,cleave,,1,
misc_weapon_spine01,Swing,64,30,1.00,,,,,4,,1.5x1.5x0.5,cleave,box,1,
misc_weapon_spine01,Windup,,10,0.33,,,,,,,,,,0,

mummy_bloated,Claw,8,40,1.33,1,0,1.5,1,11,,0.6x0.7x0.5,slash,box,1,
mummy_bloated,On Death,32,62,2.07,,,,,62,4,,barrel_explosion,sphere,1,

mummy_giant,Claw,24,75,2.50,1,0,2,1,30,,2.8x1.3x1,slash,box,1,

mummy_giant_greed,Claw,5,75,2.50,1,0,2,1,20,,0.8x1.3x1,punch,box,1,
mummy_giant_greed,Out Of My Way,0,,,,,,,0,,0.8x0.8x0.5,slash,box,1,

mummy_mortarcloud,Gascloud,0,200,6.67,,,,,0,,3x3x3,potion,box,1,

mummy_priest,Activate,,90,3.00,,,,,1,,,,,1,
mummy_priest,Bloat,,60,2.00,15,,,5,50,,,,,1,
mummy_priest,Claw,8,40,1.33,,,,,11,,0.6x0.7x0.5,slash,box,1,
mummy_priest,Priest Fireball,16,40,1.33,5,1,16,1,19,0.4,,pierce,projectile,1,

mummy_risen,Claw,8,40,1.33,1,0,1.4,1,11,,0.6x0.7x0.5,slash,box,1,

necromagus_summoned_archer,Shoot,10,30,1.00,,,,,0,0.8,,pierce,projectile,1,
necromagus_summoned_archer,Shoot Windup,,15,0.50,1,1,25,1,,,,,,0,
necromagus_summoned_archer,Spawn,0,5,0.17,,,,,1,2,,lightning,sphere,1,

necromagus_summoned_ghost,Idle,20,,,,,,,0,,0.5x0.7x0.5,,box,1,

necromagus_summoned_soldier,Slash,6,30,1.00,1,0,2.75,1,8,,0.4x0.8x0.5,slash,box,1,
necromagus_summoned_soldier,Spawn,0,5,0.17,,,,,1,2,,lightning,sphere,1,

necromagus_summoned_soldier_armored,Slash,6,30,1.00,1,0,2.75,1,8,,0.4x0.8x0.5,slash,box,1,
necromagus_summoned_soldier_armored,Spawn,0,5,0.17,,,,,1,2,,lightning,sphere,1,

necromagus_summoned_superarcher,Shoot,15,30,1.00,,,,,0,0.8,,fire,projectile,1,
necromagus_summoned_superarcher,Shoot Windup,,15,0.50,1,1,25,1,,,,,,0,
necromagus_summoned_superarcher,Spawn,0,5,0.17,,,,,1,2,,lightning,sphere,1,

necromagus_talisman01,Conjure,0,25,0.83,150,,,,3,3,,,sphere,1,
necromagus_talisman01,Drainfield,3,150,5.00,,,,,1,4,,,sphere,1,

necromagus_talisman02,Souleater Cast,,44,1.47,,,,,,,,,,0,

necromagus_talisman03,Conjure,0,35,1.17,36,,,,3,3,,,sphere,2,

necromagus_talisman_souleater,Projectile With Target,20,20,0.67,,,,,0,0.3,,ice,projectile,1,
necromagus_talisman_souleater,Projectile Without Target,20,20,0.67,,,,,0,0.3,,ice,projectile,1,
necromagus_talisman_souleater,Souleater Cast,,44,1.47,,,,,7,,,,,1,
necromagus_talisman_souleater,Souleater Jump,,20,0.67,,,,,0,,,,,1,

necromagus_weapon01-02,Dodge Death,,30,1.00,,,,,,,,,,0,
necromagus_weapon01-02,Rise Again,,30,1.00,,,,,0,4,,,sphere,1,
necromagus_weapon01-02,Rush Aim,,,,,,,,,,,,,0,
necromagus_weapon01-02,Seeker Left,,20,0.67,,,,,2,,1x1x1,,projectile_grounded,1,
necromagus_weapon01-02,Seeker Right,,20,0.67,,,,,2,,1x1x1,,projectile_grounded,1,
necromagus_weapon01-02,Strike Left,6,20,0.67,,,,,6,,1.4x1.4x0.5,slash,box_sweep,1,
necromagus_weapon01-02,Strike Right,6,20,0.67,,,,,6,,1.4x1.4x0.5,slash,box_sweep,1,
necromagus_weapon01-02,Summon Heavy,0,40,1.33,30,,,,3,1.5,,,sphere,1,
necromagus_weapon01-02,Summon Superskeleton 5,,15,0.50,,,,,,,,,,0,
necromagus_weapon01-02,Try Summon Skeletons,,40,1.33,,,,,,,,,,0,
necromagus_weapon01-02,Tumble,3,60,2.00,1-30f,,,,1,,0.45x0.85x0.5,punch,box_sweep,1,

necromagus_weapon03,Dodge Death,,30,1.00,,,,,,,,,,0,
necromagus_weapon03,Rise Again,,30,1.00,,,,,0,4,,,sphere,1,
necromagus_weapon03,Rush Aim,,,,,,,,,,,,,0,
necromagus_weapon03,Seeker Left,,20,0.67,,,,,2,,1x1x1,,projectile_grounded,1,
necromagus_weapon03,Seeker Right,,20,0.67,,,,,2,,1x1x1,,projectile_grounded,1,
necromagus_weapon03,Strike Left,6,20,0.67,,,,,6,,1.4x1.4x0.5,slash,box_sweep,1,
necromagus_weapon03,Strike Right,6,20,0.67,,,,,6,,1.4x1.4x0.5,slash,box_sweep,1,
necromagus_weapon03,Summon Heavy,0,40,1.33,30,,,,3,1.5,,,sphere,1,
necromagus_weapon03,Summon Superskeleton 5,0,15,0.50,,,,,1,3.5,,,sphere,2,
necromagus_weapon03,Try Summon Skeletons,,40,1.33,,,,,,,,,,0,
necromagus_weapon03,Tumble,3,60,2.00,1-30f,,,,1,,0.45x0.85x0.5,punch,box_sweep,1,

necromagus_weapon04,Dodge Death,,30,1.00,,,,,,,,,,0,
necromagus_weapon04,Rise Again,,30,1.00,,,,,0,4,,,sphere,1,
necromagus_weapon04,Rush Aim,,,,,,,,,,,,,0,
necromagus_weapon04,Seeker Left,,20,0.67,,,,,2,,1x1x1,,projectile_grounded,1,
necromagus_weapon04,Seeker Right,,20,0.67,,,,,2,,1x1x1,,projectile_grounded,1,
necromagus_weapon04,Shadowbolt,20,30,1.00,,,,,8,0.4,,pierce,projectile,1,
necromagus_weapon04,Shadowbolt Explode,5,3,0.10,,,,,0,3,,,sphere,1,
necromagus_weapon04,Strike Left,6,20,0.67,,,,,6,,1.4x1.4x0.5,slash,box_sweep,1,
necromagus_weapon04,Strike Right,6,20,0.67,,,,,6,,1.4x1.4x0.5,slash,box_sweep,1,
necromagus_weapon04,Summon Heavy,0,40,1.33,30,,,,3,1.5,,,sphere,1,
necromagus_weapon04,Summon Superskeleton 5,,15,0.50,,,,,1,,,,,5,
necromagus_weapon04,Try Summon Skeletons,,40,1.33,,,,,,,,,,0,
necromagus_weapon04,Tumble,3,60,2.00,1-30f,,,,1,,0.45x0.85x0.5,punch,box_sweep,1,

necromancer,Activate,,100,3.33,,,,,1,,,,,1,
necromancer,Ice Beam,0/20,80,2.67,5,1,50,1,10,,,,swipe,2,
necromancer,Ice Field,12,65,2.17,9,5,25,2,1,4,,ice,sphere,2,
necromancer,On Death,,160,5.33,,,,,,,,,,0,

orc_juggernaut,Berserk,45,80,2.67,,,,,75,,0.3x1.8x1,,box,1,
orc_juggernaut,Fist Attack Running,10,40,1.33,2,1,4.5,1.5,18,,1x1x1,punch,box,1,
orc_juggernaut,Push Others,,,,,,,,1,,1x0.5x1,,box,1,
orc_juggernaut,Roar,,60,2.00,10,3,30.5,0.5,,,,,,0,
orc_juggernaut,Weapon Attack,24,40,1.33,3,0,3,1,28,,2.8x1.8x1,cleave,box,1,

orc_melee,Slash,12,29,0.97,1,0.5,1.5,1,11,,0.6x0.7x0.5,slash,box,1,

portal_caves,Spawned,0,15,0.50,,,,,0,,1.5x1.5x1.5,,box,1,

portal_crypt,Spawned,0,15,0.50,,,,,0,,1.5x1.5x1.5,,box,1,

portal_lava,Spawned,0,15,0.50,,,,,0,,1.5x1.5x1.5,,box,1,

potion_blue,Explode,,5,0.17,,,,,,,,,,0,

potion_blue_explosion,Explode,40,5,0.17,,,,,2,5,,ice,sphere,1,

pushable_block,Explode,128,130,4.33,,,,,30,,3x3x3,,box,1,
pushable_block,Land,500,1,0.03,,,,,0,,2x2x1,,box,1,yes
pushable_block,Pushed,500,,,,,,,0,,1.7x1.7x2,,box,2,yes

relic_gargoyle,Demon Bolt,35,10,0.33,1.5,0.1,15,1,10,0.25,,pierce,projectile,1,
relic_gargoyle,Spawn,0,50,1.67,,,,,23,4,,lightning,sphere,1,

relic_gargoyle_tier2,Demon Bolt,35,10,0.33,1,0.1,15,1,10,0.25,,pierce,projectile,1,
relic_gargoyle_tier2,Spawn,0,50,1.67,,,,,23,4,,lightning,sphere,1,

skeleton_commander,Activate,,104,3.47,,,,,1,,,,,1,
skeleton_commander,Arrow Explosion,16,1,0.03,,,,,1,3,,ice,sphere,1,
skeleton_commander,Arrow Lob,0,100,3.33,6,2,20,2,40,,,,projectile_lob,1,
skeleton_commander,Skeleton Buff Aura,,,,,,,,1,6,,,sphere,1,

skeleton_defender,Berserk,,30,1.00,,,,,1,,,,,1,
skeleton_defender,Fast Slash,16,45,1.50,1,1,4.2,1,20,,2x1.4x1,slash,box,1,
skeleton_defender,Slash,16,50,1.67,1,0.5,2,1,28,,1.4x0.8x1,slash,box,1,

skeleton_heavy,Cleave,2/5/25,41,1.37,,,,,10,1,1x2.2x1,"punch, cleave","box, sphere",4,
skeleton_heavy,Cleave Exit,2/5/25,21,0.70,,,,,5,2,,"punch, cleave","sphere, box",3,

skeleton_soldier,Slash,12,22,0.73,1,0,1.5,1,11,,0.7x0.8x0.5,slash,box,1,

skeleton_warrior,Rush,0,100,3.33,15,10,50,0.5,32,,0.6x0.5x0.5,slash,box,1,
skeleton_warrior,Rush Hit Avatar,,13,0.43,,,,,,,,,,0,
skeleton_warrior,Rush Hit Wall,,30,1.00,,,,,,,,,,0,
skeleton_warrior,Rush Stop,,30,1.00,,,,,,,,,,0,
skeleton_warrior,Slash,16,50,1.67,1,1,3.2,1,23,,2.1x1.7x1,slash,box,1,
skeleton_warrior,Whirlwind,16,160,5.33,30,1,7,0.5,34,2.5,,slash,sphere,1,
skeleton_warrior,Whirlwind Exit,,45,1.50,,,,,,,,,,0,

spawner_beam,Beam,20,210,7.00,,,,,45,,,punch,swipe,4,
spawner_beam,Spawned,0,15,0.50,,,,,0,,1.5x1.5x1.5,,box,1,

spawner_caves_grunt,Spawned,0,15,0.50,,,,,0,,1.5x1.5x1.5,,box,1,

spawner_caves_grunt_t1,Spawned,0,15,0.50,,,,,0,,1.5x1.5x1.5,,box,1,

spawner_caves_orc,Spawned,0,15,0.50,,,,,0,,1.5x1.5x1.5,,box,1,

spawner_caves_orc_t1,Spawned,0,15,0.50,,,,,0,,1.5x1.5x1.5,,box,1,

spawner_crypt_mummy,Spawned,0,15,0.50,,,,,0,,1.5x1.5x1.5,,box,1,

spawner_crypt_mummy_t1,Spawned,0,15,0.50,,,,,0,,1.5x1.5x1.5,,box,1,

spawner_crypt_skeleton,Spawned,0,15,0.50,,,,,0,,1.5x1.5x1.5,,box,1,

spawner_crypt_skeleton_t1,Spawned,0,15,0.50,,,,,0,,1.5x1.5x1.5,,box,1,

spawner_exploding,Effects,,150,5.00,,,,,,,,,,0,
spawner_exploding,Reactive Explosion,25,45,1.50,,,,,45,6,,,sphere,1,
spawner_exploding,Spawned,0,15,0.50,,,,,0,,1.5x1.5x1.5,,box,1,

spawner_exploding_burning,Gas,3,300,10.00,,,,,0,6,,poison,sphere,1,

spawner_force_field,Spawned,0,15,0.50,,,,,0,,1.5x1.5x1.5,,box,1,
spawner_force_field,Spawner Shield,,300,10.00,,,,,,,,,,0,

spawner_freeze_nova,Freeze Nova,0,95,3.17,,,,,0,5,,ice,sphere,2,
spawner_freeze_nova,Spawned,0,15,0.50,,,,,0,,1.5x1.5x1.5,,box,1,

spawner_ghost,Spawn Ghost,,30,1.00,,,,,,,,,,0,
spawner_ghost,Spawned,0,15,0.50,,,,,0,,1.5x1.5x1.5,,box,1,

spawner_invisible,Invisibility,,1,0.03,,,,,,,,,,0,
spawner_invisible,Spawned,0,15,0.50,,,,,0,,1.5x1.5x1.5,,box,1,

spawner_lava_cultist,Spawned,0,15,0.50,,,,,0,,1.5x1.5x1.5,,box,1,

spawner_lava_cultist_t1,Spawned,0,15,0.50,,,,,0,,1.5x1.5x1.5,,box,1,

spawner_lava_daemon,Spawned,0,15,0.50,,,,,0,,1.5x1.5x1.5,,box,1,

spawner_lava_daemon_t1,Spawned,0,15,0.50,,,,,0,,1.5x1.5x1.5,,box,1,

spawner_mortar,Mortar Mine,25,65,2.17,8,6,18,1,60,,,pierce,projectile_lob,1,
spawner_mortar,Spawned,0,15,0.50,,,,,0,,1.5x1.5x1.5,,box,1,

spawner_mortar_mine,Mine Explosion,25,35,1.17,,,,,30,5,,pierce,sphere,1,
spawner_mortar_mine,Mortar Mine,0,330,11.00,,,,,90,5,,,sphere,1,

spawner_poison_gascloud,Gas,0,150,5.00,,,,,0,3,,poison,sphere,1,

spawner_poison_launcher,Gas Projectile,0,5,0.17,8,6,25,1,0,,,,projectile_lob,1,
spawner_poison_launcher,Spawned,0,15,0.50,,,,,0,,1.5x1.5x1.5,,box,1,

spawner_selfdestruct,On Death,128,61,2.03,,,,,60,6,,,sphere,1,
spawner_selfdestruct,Spawned,0,15,0.50,,,,,0,,1.5x1.5x1.5,,box,1,

spawner_shield,Lightning Shield,0,180,6.00,,,,,0,2.4,,lightning,sphere,1,
spawner_shield,Lightning Shield Explode,0,1,0.03,,,,,0,,3.1x3.1x3,lightning,box,1,

spawner_trap,Spawned,0,15,0.50,,,,,0,,1.5x1.5x1.5,,box,1,
spawner_trap,Trap Back Left,20,,,,,,,0,,,punch,swipe,1,
spawner_trap,Trap Back Right,20,,,,,,,0,,,punch,swipe,1,
spawner_trap,Trap Front Left,20,,,,,,,0,,,punch,swipe,1,
spawner_trap,Trap Front Right,20,,,,,,,0,,,punch,swipe,1,
spawner_trap,Trigger Back Left,30,60,2.00,,,,,0,,0.5x2x0.5,slash,box,1,
spawner_trap,Trigger Back Right,30,60,2.00,,,,,0,,0.5x0.5x0.5,slash,box,1,
spawner_trap,Trigger Front Left,30,60,2.00,,,,,0,,0.5x0.5x0.5,slash,box,1,
spawner_trap,Trigger Front Right,30,60,2.00,,,,,0,,0.5x0.5x0.5,slash,box,1,

spawner_twister,Spawned,0,15,0.50,,,,,0,,1.5x1.5x1.5,,box,1,
spawner_twister,Summon Twister,,75,2.50,,,,,,,,,,0,

spawner_twister_tornado,Swirling Vortex,0,600,20.00,,,,,0,,0.5x0.5x0.5,,"box, sphere",2,

special_explosive_bomb,Magic Bomb Explode,40,61,2.03,,,,,61,4.5,,,sphere,1,

special_firebomb_bomb,Magic Bomb Explode,40,5,0.17,,,,,3,2,,,sphere,1,

special_root_bomb,Magic Bomb Explode,0,210,7.00,,,,,30,5,,pierce,sphere,4,

spell_lightning_shield,Lightning Shield,0,180,6.00,,,,,0,1.8,,lightning,sphere,1,
spell_lightning_shield,Lightning Shield Explode,0,1,0.03,,,,,0,,3.1x3.1x3,lightning,box,1,

spell_storm_bomb_projectile,Storm Bomb Detonate,1/64,70,2.33,,,,,55,3,,lightning,sphere,2,

spider_egg,Initial Spawn,,21,0.70,,,,,,,,,,0,
spider_egg,Spawn,,21,0.70,,,,,,,,,,0,

spider_hatchling,Bite,1,10,0.33,1,1,1.5,1,5,,0.5x0.7x0.5,spear,box,1,

spider_queen,Charge,16,90,3.00,5,1,16,1,45,,3x3x1,slash,box,1,
spider_queen,Lay Eggs,0,60,2.00,5,1,16,2,30,,,,projectile_lob,1,
spider_queen,Leap Attack,32,60,2.00,,,,,1,4,,slash,sphere,2,
spider_queen,On Death,,120,4.00,,,,,,,,,,0,
spider_queen,Spin Web,0,60,2.00,15,1,16,1,30,,,,projectile_lob,1,

spider_queen_web,Web,0,450,15.00,,,,,0,4,,,sphere,1,

spider_warrior,Bite,24,35,1.17,0,0.8,3,2,25,,1x0.8x1,slash,box,1,
spider_warrior,Leap,0,50,1.67,6,8,20,1,40,2.5,,slash,sphere,1,

summoned_wall,Spawn,0,90,3.00,,,,,60,,3x1x3,slash,box,1,

swirling_vortex_trap,Swirling Vortex,10,600,20.00,,,,,0,,0.5x0.5x0.5,,"box, sphere",3,

swirling_vortex_trap_tier2,Swirling Vortex,15,600,20.00,,,,,0,,0.5x0.5x0.5,,"box, sphere",3,

swirling_vortex_trap_tier3,Swirling Vortex,15,600,20.00,,,,,0,,0.5x0.5x0.5,,"box, sphere",3,

trap,Default,16,60,2.00,,,,,16,,1.5x1.5x1,pierce,box,1,

trap_lava_floor_blades_4c,Default,24,60,2.00,,,,,1,,4x0.3x1,pierce,box,1,

trap_pendulum,Cut,24,0,0.00,,,,,0,,0.75x0.2x0.5,slash,box,1,

trap_spear,Default,24,60,2.00,,,,,1,,1x4x1,pierce,box,1,

trap_spinner_4c_1blades,Cut,24,5,0.17,,,,,1,,1.5x0.4x0.2,slash,box,1,

turret_freeze,Freeze Nova,0,95,3.17,,,,,0,5,,ice,sphere,2,
turret_freeze,Spawned,0,15,0.50,,,,,0,,1.5x1.5x1.5,,box,1,

turret_laser,Beam,20,210,7.00,,,,,30,,,punch,swipe,4,
turret_laser,Spawned,0,15,0.50,,,,,0,,1.5x1.5x1.5,,box,1,

turret_poison,Gas Projectile,0,5,0.17,8,6,25,1,0,,,,projectile_lob,1,
turret_poison,Spawned,0,15,0.50,,,,,0,,1.5x1.5x1.5,,box,1,

turret_proximity_mine,Mortar Mine,25,65,2.17,8,6,18,1,60,,,pierce,projectile_lob,1,
turret_proximity_mine,Spawned,0,15,0.50,,,,,0,,1.5x1.5x1.5,,box,1,

turret_tornado,Spawned,0,15,0.50,,,,,0,,1.5x1.5x1.5,,box,1,
turret_tornado,Summon Twister,,75,2.50,,,,,,,,,,0,

turret_tremor,Quake,15,95,3.17,,,,,90,5,,punch,sphere,1,
turret_tremor,Spawned,0,15,0.50,,,,,0,,1.5x1.5x1.5,,box,1,

ultimate_remnant,Explode,50,5,0.17,,,,,1,6,,,sphere,1,
ultimate_remnant,Taunt,0,,,,,,,1,6,,,sphere,1,

ultimate_shield,Lightning Shield,0,600,20.00,,,,,0,3.6,,lightning,sphere,1,
ultimate_shield,Lightning Shield Explode,0,1,0.03,,,,,0,,3.1x3.1x3,lightning,box,1,

valkyrie_talisman01,Cast,200,20,0.67,30,,,,10,,5x1x2,slash,box_growing,1,

valkyrie_talisman02,Aegis Of Valhalla,,240,8.00,,,,,30,,,,,4,
valkyrie_talisman02,Cast,,40,1.33,195,,,,1,,,ice,,2,

valkyrie_talisman03,Valkyrie Squad,16,45,1.50,45,,,,11,3,,,sphere,1,

valkyrie_weapon01,Rocket Girl From Idle,30,55,1.83,18-10f,,,,15,,0.3x1x0.5,spear,box_sweep,1,
valkyrie_weapon01,Shield Bash,,18,0.60,,,,,,,,,,0,
valkyrie_weapon01,Shield Cancel,40,30,1.00,,,,,0,,,spear,projectile_homing,1,
valkyrie_weapon01,Shield Jump,40,20,0.67,,,,,0,0.3,,slash,projectile,1,
valkyrie_weapon01,Shield Return,40,30,1.00,,,,,0,,,spear,projectile_homing,1,
valkyrie_weapon01,Shield Throw,40,44,1.47,7-240f,,,,7,0.3,,slash,projectile,1,
valkyrie_weapon01,Shield Throw Find Target,,1,0.03,,,,,0,,4x4x4,,box,1,
valkyrie_weapon01,Sword1,6,60,2.00,,,,,5,,1.2x1x0.5,slash,box_sweep,1,
valkyrie_weapon01,Sword2,6,70,2.33,,,,,5,,1.2x1x0.5,slash,box_sweep,1,
valkyrie_weapon01,Sword3,6,60,2.00,,,,,5,,1.2x1x0.5,slash,box_sweep,1,
valkyrie_weapon01,Sword4,30,70,2.33,,,,,5,,1.4x1.1x0.5,slash,box_sweep,1,
valkyrie_weapon01,Sword5,6,60,2.00,,,,,5,,1.2x1x0.5,slash,box_sweep,1,
valkyrie_weapon01,Sword6,6,70,2.33,,,,,5,,1.2x1x0.5,slash,box_sweep,1,
valkyrie_weapon01,Sword7,30,55,1.83,,,,,5,,1.4x1.1x0.5,slash,box_sweep,1,

valkyrie_weapon02,Lightning,120/8,10,0.33,0-90f,,,,1,2,,,sphere,2,
valkyrie_weapon02,Rocket Girl From Idle,30,55,1.83,18-10f,,,,15,,0.3x1x0.5,spear,box_sweep,1,
valkyrie_weapon02,Shield Bash,,18,0.60,,,,,,,,,,0,
valkyrie_weapon02,Shield Cancel,40,30,1.00,,,,,0,,,spear,projectile_homing,1,
valkyrie_weapon02,Shield Jump,40,20,0.67,,,,,0,0.3,,slash,projectile,1,
valkyrie_weapon02,Shield Return,40,30,1.00,,,,,0,,,spear,projectile_homing,1,
valkyrie_weapon02,Shield Throw,40,44,1.47,7-240f,,,,7,0.3,,slash,projectile,1,
valkyrie_weapon02,Shield Throw Find Target,,1,0.03,,,,,0,,4x4x4,,box,1,
valkyrie_weapon02,Sword1,6,60,2.00,,,,,5,,1.2x1x0.5,slash,box_sweep,1,
valkyrie_weapon02,Sword2,6,70,2.33,,,,,5,,1.2x1x0.5,slash,box_sweep,1,
valkyrie_weapon02,Sword3,6,60,2.00,,,,,5,,1.2x1x0.5,slash,box_sweep,1,
valkyrie_weapon02,Sword4,30,70,2.33,,,,,5,,1.4x1.1x0.5,slash,box_sweep,1,
valkyrie_weapon02,Sword5,6,60,2.00,,,,,5,,1.2x1x0.5,slash,box_sweep,1,
valkyrie_weapon02,Sword6,6,70,2.33,,,,,5,,1.2x1x0.5,slash,box_sweep,1,
valkyrie_weapon02,Sword7,10,55,1.83,,,,,4,,3x2x0.5,spear,box_sweep,1,
valkyrie_weapon02,Thunderstrike,5,61,2.03,,,,,12,,0.3x1x0.5,cleave,box,1,

valkyrie_weapon03,Crescent Sweep,0/50,35,1.17,5-180f,,,,5,4.5,,spear,sphere,2,
valkyrie_weapon03,Rocket Girl From Idle,30,55,1.83,18-10f,,,,15,,0.3x1x0.5,spear,box_sweep,1,
valkyrie_weapon03,Shield Bash,,18,0.60,,,,,,,,,,0,
valkyrie_weapon03,Shield Cancel,40,30,1.00,,,,,0,,,spear,projectile_homing,1,
valkyrie_weapon03,Shield Jump,40,20,0.67,,,,,0,0.3,,slash,projectile,1,
valkyrie_weapon03,Shield Return,40,30,1.00,,,,,0,,,spear,projectile_homing,1,
valkyrie_weapon03,Shield Throw,40,44,1.47,7-240f,,,,7,0.3,,slash,projectile,1,
valkyrie_weapon03,Shield Throw Find Target,,1,0.03,,,,,0,,4x4x4,,box,1,
valkyrie_weapon03,Sword1,6,60,2.00,,,,,5,,1.2x1x0.5,slash,box_sweep,1,
valkyrie_weapon03,Sword2,6,70,2.33,,,,,5,,1.2x1x0.5,slash,box_sweep,1,
valkyrie_weapon03,Sword3,6,60,2.00,,,,,5,,1.2x1x0.5,slash,box_sweep,1,
valkyrie_weapon03,Sword4,30,70,2.33,,,,,5,,1.4x1.1x0.5,slash,box_sweep,1,
valkyrie_weapon03,Sword5,6,60,2.00,,,,,5,,1.2x1x0.5,slash,box_sweep,1,
valkyrie_weapon03,Sword6,6,70,2.33,,,,,5,,1.2x1x0.5,slash,box_sweep,1,
valkyrie_weapon03,Sword7,30,55,1.83,,,,,5,,1.4x1.1x0.5,slash,box_sweep,1,

valkyrie_weapon04,Intercept,10,61,2.03,5-90f,,,,9,3,,,sphere,1,
valkyrie_weapon04,Rocket Girl From Idle,30,55,1.83,18-10f,,,,15,,0.3x1x0.5,spear,box_sweep,1,
valkyrie_weapon04,Shield Bash,,18,0.60,,,,,,,,,,0,
valkyrie_weapon04,Shield Cancel,40,30,1.00,,,,,0,,,spear,projectile_homing,1,
valkyrie_weapon04,Shield Jump,40,20,0.67,,,,,0,0.3,,slash,projectile,1,
valkyrie_weapon04,Shield Return,40,30,1.00,,,,,0,,,spear,projectile_homing,1,
valkyrie_weapon04,Shield Throw,40,44,1.47,7-240f,,,,7,0.3,,slash,projectile,1,
valkyrie_weapon04,Shield Throw Find Target,,1,0.03,,,,,0,,4x4x4,,box,1,
valkyrie_weapon04,Sword1,6,60,2.00,,,,,5,,1.2x1x0.5,slash,box_sweep,1,
valkyrie_weapon04,Sword2,6,70,2.33,,,,,5,,1.2x1x0.5,slash,box_sweep,1,
valkyrie_weapon04,Sword3,6,60,2.00,,,,,5,,1.2x1x0.5,slash,box_sweep,1,
valkyrie_weapon04,Sword4,30,70,2.33,,,,,5,,1.4x1.1x0.5,slash,box_sweep,1,
valkyrie_weapon04,Sword5,6,60,2.00,,,,,5,,1.2x1x0.5,slash,box_sweep,1,
valkyrie_weapon04,Sword6,6,70,2.33,,,,,5,,1.2x1x0.5,slash,box_sweep,1,
valkyrie_weapon04,Sword7,30,55,1.83,,,,,5,,1.4x1.1x0.5,slash,box_sweep,1,
valkyrie_weapon04,Throw Spear,20,48,1.60,,,,,5,0.1,,slash,projectile,1,

warrior_talisman01,Potion Explosion,150,4,0.13,,,,,1,7,,,sphere,1,
warrior_talisman01,Potion Throw,,40,1.33,17,,,,10,0.15,,fire,projectile_lob,1,

warrior_talisman02,Conjure Moreofthor,,50,1.67,330,,,,25,0.15,,ice,projectile_lob,2,
warrior_talisman02,Moreofthor,,300,10.00,,,,,,,,,,0,
warrior_talisman02,Step,,5,0.17,,,,,0,1,,,sphere,1,

warrior_talisman03,Polymorph,,20,0.67,60,,,,0,6,,,sphere,2,

warrior_weapon01-03,Leapattack,35,40,1.33,,,,,20,,0.25x1x0.5,cleave,box_sweep,1,
warrior_weapon01-03,Light1,10,70,2.33,,,,,9,,1.4x0.9x0.5,slash,box_sweep,1,
warrior_weapon01-03,Light2,10,70,2.33,,,,,9,,1.4x0.9x0.5,slash,box_sweep,1,
warrior_weapon01-03,Light3,10,70,2.33,,,,,9,,1.4x0.9x0.5,slash,box_sweep,1,
warrior_weapon01-03,Light4,30,70,2.33,,,,,9,,1.6x1.1x0.5,slash,box_sweep,1,
warrior_weapon01-03,Light5,10,70,2.33,,,,,9,,1.4x0.9x0.5,slash,box_sweep,1,
warrior_weapon01-03,Light6,10,70,2.33,,,,,9,,1.4x0.9x0.5,slash,box_sweep,1,
warrior_weapon01-03,Light7,30,61,2.03,,,,,9,2.3,1.6x1.1x0.5,slash,sphere,1,
warrior_weapon01-03,Light8,128,69,2.30,,,,,23,4.5,1.4x0.9x0.5,fire,sphere,1,
warrior_weapon01-03,Rush,5,20,0.67,,,,,0,,0.35x0.75x0.5,punch,box_sweep,1,
warrior_weapon01-03,Rush Aim,,,,,,,,,,,,,0,
warrior_weapon01-03,Rush Slash,30,70,2.33,,,,,9,,1.6x1.1x0.5,slash,box_sweep,1,
warrior_weapon01-03,Rush Slide,0,10,0.33,,,,,0,,0.35x0.65x0.5,,box,1,
warrior_weapon01-03,Smash,0/35,41,1.37,,,,,0,,0.4x0.55x0.5,"punch, cleave",box_sweep,3,
warrior_weapon01-03,Smash Windup,,4,0.13,,,,,,,,,,0,
warrior_weapon01-03,Spin,5,60,2.00,3-300f,,,,0,2.2,,slash,sphere,1,
warrior_weapon01-03,Spin Recovery,5,43,1.43,,,,,0,3,,slash,sphere,1,

warrior_weapon04,Demoncleave,0/100,60,2.00,3-180f,,,,0,2,,cleave,"sphere, box_growing",2,
warrior_weapon04,Leapattack,35,40,1.33,,,,,20,,0.25x1x0.5,cleave,box_sweep,1,
warrior_weapon04,Light1,10,70,2.33,,,,,9,,1.4x0.9x0.5,slash,box_sweep,1,
warrior_weapon04,Light2,10,70,2.33,,,,,9,,1.4x0.9x0.5,slash,box_sweep,1,
warrior_weapon04,Light3,10,70,2.33,,,,,9,,1.4x0.9x0.5,slash,box_sweep,1,
warrior_weapon04,Light4,30,70,2.33,,,,,9,,1.6x1.1x0.5,slash,box_sweep,1,
warrior_weapon04,Light5,10,70,2.33,,,,,9,,1.4x0.9x0.5,slash,box_sweep,1,
warrior_weapon04,Light6,10,70,2.33,,,,,9,,1.4x0.9x0.5,slash,box_sweep,1,
warrior_weapon04,Light7,30,61,2.03,,,,,9,2.3,1.6x1.1x0.5,slash,sphere,1,
warrior_weapon04,Light8,128,69,2.30,,,,,23,4.5,1.4x0.9x0.5,fire,sphere,1,
warrior_weapon04,Rush,5,20,0.67,,,,,0,,0.35x0.75x0.5,punch,box_sweep,1,
warrior_weapon04,Rush Aim,,,,,,,,,,,,,0,
warrior_weapon04,Rush Slash,30,70,2.33,,,,,9,,1.6x1.1x0.5,slash,box_sweep,1,
warrior_weapon04,Rush Slide,0,10,0.33,,,,,0,,0.35x0.65x0.5,,box,1,
warrior_weapon04,Smash,0/35,41,1.37,,,,,0,,0.4x0.55x0.5,"punch, cleave",box_sweep,3,
warrior_weapon04,Smash Windup,,4,0.13,,,,,,,,,,0,
warrior_weapon04,Spin,5,60,2.00,3-300f,,,,0,2.2,,slash,sphere,1,
warrior_weapon04,Spin Recovery,5,43,1.43,,,,,0,3,,slash,sphere,1,

warrior_weapon05,Axe Impact,64,30,1.00,,,,,2,1,,slash,sphere,1,
warrior_weapon05,Axethrow,20,20,0.67,,,,,10,1,,slash,projectile,1,
warrior_weapon05,Axethrow Lefttoright,20,20,0.67,,,,,10,1,,slash,projectile,1,
warrior_weapon05,Frenzy,5,10,0.33,3-240f,,,,1,6,,,sphere,2,
warrior_weapon05,Leapattack,35,40,1.33,,,,,20,,0.25x1x0.5,cleave,box_sweep,1,
warrior_weapon05,Light1,10,70,2.33,,,,,9,,1.4x0.9x0.5,slash,box_sweep,1,
warrior_weapon05,Light2,10,70,2.33,,,,,9,,1.4x0.9x0.5,slash,box_sweep,1,
warrior_weapon05,Light3,10,70,2.33,,,,,9,,1.4x0.9x0.5,slash,box_sweep,1,
warrior_weapon05,Light4,30,70,2.33,,,,,9,,1.6x1.1x0.5,slash,box_sweep,1,
warrior_weapon05,Light5,10,70,2.33,,,,,9,,1.4x0.9x0.5,slash,box_sweep,1,
warrior_weapon05,Light6,10,70,2.33,,,,,9,,1.4x0.9x0.5,slash,box_sweep,1,
warrior_weapon05,Light7,30,61,2.03,,,,,9,2.3,1.6x1.1x0.5,slash,sphere,1,
warrior_weapon05,Light8,128,69,2.30,,,,,23,4.5,1.4x0.9x0.5,fire,sphere,1,
warrior_weapon05,Rush,5,20,0.67,,,,,0,,0.35x0.75x0.5,punch,box_sweep,1,
warrior_weapon05,Rush Aim,,,,,,,,,,,,,0,
warrior_weapon05,Rush Slash,30,70,2.33,,,,,9,,1.6x1.1x0.5,slash,box_sweep,1,
warrior_weapon05,Rush Slide,0,10,0.33,,,,,0,,0.35x0.65x0.5,,box,1,
warrior_weapon05,Smash,0/35,41,1.37,,,,,0,,0.4x0.55x0.5,"punch, cleave",box_sweep,3,
warrior_weapon05,Smash Windup,,4,0.13,,,,,,,,,,0,
warrior_weapon05,Spin,5,60,2.00,3-300f,,,,0,2.2,,slash,sphere,1,
warrior_weapon05,Spin Recovery,5,43,1.43,,,,,0,3,,slash,sphere,1,

warrior_weapon09-11,Leapattack,35/0,40,1.33,,,,,20,,0.25x1x0.5,cleave,"box_sweep, sphere",2,
warrior_weapon09-11,Leapsmash,128,70,2.33,,,,,20,4.5,,fire,sphere,1,
warrior_weapon09-11,Light1,10,70,2.33,,,,,9,,1.4x0.9x0.5,slash,box_sweep,1,
warrior_weapon09-11,Light2,10,70,2.33,,,,,9,,1.4x0.9x0.5,slash,box_sweep,1,
warrior_weapon09-11,Light3,10,70,2.33,,,,,9,,1.4x0.9x0.5,slash,box_sweep,1,
warrior_weapon09-11,Light4,30,70,2.33,,,,,9,,1.6x1.1x0.5,slash,box_sweep,1,
warrior_weapon09-11,Light5,10,70,2.33,,,,,9,,1.4x0.9x0.5,slash,box_sweep,1,
warrior_weapon09-11,Light6,10,70,2.33,,,,,9,,1.4x0.9x0.5,slash,box_sweep,1,
warrior_weapon09-11,Light7,30,61,2.03,,,,,9,2.3,1.6x1.1x0.5,slash,sphere,1,
warrior_weapon09-11,Light8,128,69,2.30,,,,,23,4.5,1.4x0.9x0.5,fire,sphere,1,
warrior_weapon09-11,Megasmash,90/10,70,2.33,20-300f,,,,21,,0.25x1x0.5,"cleave, punch","box_sweep, sphere",2,
warrior_weapon09-11,Rush,5,20,0.67,,,,,0,,0.35x0.75x0.5,punch,box_sweep,1,
warrior_weapon09-11,Rush Aim,,,,,,,,,,,,,0,
warrior_weapon09-11,Rush Slash,30,70,2.33,,,,,9,,1.6x1.1x0.5,slash,box_sweep,1,
warrior_weapon09-11,Rush Slide,0,10,0.33,,,,,0,,0.35x0.65x0.5,,box,1,
warrior_weapon09-11,Smash,0/35,41,1.37,,,,,0,,0.4x0.55x0.5,punch,"box_sweep, sphere",3,
warrior_weapon09-11,Smash Windup,,4,0.13,,,,,,,,,,0,
warrior_weapon09-11,Spin,5,60,2.00,3-300f,,,,0,2.2,,slash,sphere,1,
warrior_weapon09-11,Spin Recovery,5,43,1.43,,,,,0,3,,slash,sphere,1,

wep_axe_illusion,Leapattack,35,40,1.33,,,,,20,,0.25x1x0.5,cleave,box_sweep,1,
wep_axe_illusion,Light1,10,70,2.33,,,,,9,,1.4x0.9x0.5,slash,box_sweep,1,
wep_axe_illusion,Light2,10,70,2.33,,,,,9,,1.4x0.9x0.5,slash,box_sweep,1,
wep_axe_illusion,Light3,10,70,2.33,,,,,9,,1.4x0.9x0.5,slash,box_sweep,1,
wep_axe_illusion,Light4,30,70,2.33,,,,,9,,1.6x1.1x0.5,slash,box_sweep,1,
wep_axe_illusion,Light5,10,70,2.33,,,,,9,,1.4x0.9x0.5,slash,box_sweep,1,
wep_axe_illusion,Light6,10,70,2.33,,,,,9,,1.4x0.9x0.5,slash,box_sweep,1,
wep_axe_illusion,Light7,30,61,2.03,,,,,9,2.3,1.6x1.1x0.5,slash,sphere,1,
wep_axe_illusion,Light8,128,69,2.30,,,,,23,4.5,1.4x0.9x0.5,fire,sphere,1,
wep_axe_illusion,Rush,5,20,0.67,,,,,0,,0.35x0.75x0.5,punch,box_sweep,1,
wep_axe_illusion,Rush Aim,,,,,,,,,,,,,0,
wep_axe_illusion,Rush Slash,30,70,2.33,,,,,9,,1.6x1.1x0.5,slash,box_sweep,1,
wep_axe_illusion,Rush Slide,0,10,0.33,,,,,0,,0.35x0.65x0.5,,box,1,
wep_axe_illusion,Smash,0/17.5,41,1.37,,,,,0,,0.4x0.55x0.5,"punch, cleave",box_sweep,3,
wep_axe_illusion,Smash Windup,,4,0.13,,,,,,,,,,0,
wep_axe_illusion,Spin,5,60,2.00,3-300f,,,,0,2.2,,slash,sphere,1,
wep_axe_illusion,Spin Recovery,5,43,1.43,,,,,0,3,,slash,sphere,1,

wep_book_illusion,Barrage,10,10,0.33,5-30f,,,,4,,1.5x1.5x0.5,lightning,box,1,
wep_book_illusion,Beam,1,,,,,,,0,,,ice,swipe,1,
wep_book_illusion,Beam Cancel,,1,0.03,,,,,,,,,,0,
wep_book_illusion,Beam Windup,,15,0.50,15-16f,,,,0,,,,,1,
wep_book_illusion,Chain Lightning Idle,15,,,,,,,10,,1x4x2,lightning,box,1,
wep_book_illusion,Chain Lightning Jump1,20,10,0.33,,,,,2,,1x4x2,lightning,box,1,
wep_book_illusion,Chain Lightning Jump2,20,10,0.33,,,,,2,,1x4x2,lightning,box,1,
wep_book_illusion,Chain Lightning Jump3,20,10,0.33,,,,,2,,1x4x2,lightning,box,1,
wep_book_illusion,Fire Bolt,20,31,1.03,3-15f,,,,3,0.4,,fire,projectile,1,
wep_book_illusion,Fireball,0,32,1.07,10-60f,,,,10,0.15,,fire,projectile_lob,1,
wep_book_illusion,Fireball Explosion,40,15,0.50,,,,,0,3,,fire,sphere,1,
wep_book_illusion,Ice Shards,0,25,0.83,10-90f,,,,8,,3x3x2,punch,box,1,
wep_book_illusion,Lightning Shield,,20,0.67,3-600f,,,,,,,,,0,
wep_book_illusion,Orb Of Winter,0,32,1.07,20-600f,,,,20,0.2,,punch,projectile,1,
wep_book_illusion,Orb Of Winter Hover,0,300,10.00,,,,,0,,5x5x1,,box,1,
wep_book_illusion,Serpentine,8,19,0.63,3-180f,,,,3,,1x1x1,,box_sweep,1,

wep_bow_illusion,Bombshot Explosion,40,41,1.37,,,,,19,,2.4x2.4x5,,box,1,
wep_bow_illusion,Drop Bomb,,1,0.03,,,,,,,,,,0,
wep_bow_illusion,Light Shot,6,15,0.50,,,,,0,0.05,,weak_shot,projectile_lob,1,
wep_bow_illusion,Magic Bomb,,1,0.03,180,,,,,,,,,0,
wep_bow_illusion,Magic Shot,1,15,0.50,,,,,2,0.01,,pierce,projectile,1,
wep_bow_illusion,Sniper Aim,,,,,,,,,,,,,0,
wep_bow_illusion,Sniper Recovery,,15,0.50,,,,,,,,,,0,
wep_bow_illusion,Sniper Shot,25,1,0.03,,,,,0,0.01,,pierce,projectile,1,
wep_bow_illusion,Tumble,0,30,1.00,1-15f,,,,1,,0.35x0.65x0.5,,box_sweep,1,
wep_bow_illusion,Windup Bow,,15,0.50,,,,,,,,,,0,

wep_spear_illusion,Rocket Girl From Idle,15,55,1.83,18-10f,,,,15,,0.3x1x0.5,spear,box_sweep,1,
wep_spear_illusion,Shield Bash,,18,0.60,,,,,,,,,,0,
wep_spear_illusion,Shield Cancel,40,30,1.00,,,,,0,,,spear,projectile_homing,1,
wep_spear_illusion,Shield Jump,40,20,0.67,,,,,0,0.3,,slash,projectile,1,
wep_spear_illusion,Shield Return,40,30,1.00,,,,,0,,,spear,projectile_homing,1,
wep_spear_illusion,Shield Throw,40,44,1.47,7-240f,,,,7,0.3,,slash,projectile,1,
wep_spear_illusion,Shield Throw Find Target,,1,0.03,,,,,0,,4x4x4,,box,1,
wep_spear_illusion,Sword1,3,60,2.00,,,,,5,,1.2x1x0.5,slash,box_sweep,1,
wep_spear_illusion,Sword2,3,70,2.33,,,,,5,,1.2x1x0.5,slash,box_sweep,1,
wep_spear_illusion,Sword3,3,60,2.00,,,,,5,,1.2x1x0.5,slash,box_sweep,1,
wep_spear_illusion,Sword4,3,70,2.33,,,,,5,,1.4x1.1x0.5,slash,box_sweep,1,
wep_spear_illusion,Sword5,3,60,2.00,,,,,5,,1.2x1x0.5,slash,box_sweep,1,
wep_spear_illusion,Sword6,3,70,2.33,,,,,5,,1.2x1x0.5,slash,box_sweep,1,
wep_spear_illusion,Sword7,30,55,1.83,,,,,5,,1.4x1.1x0.5,slash,box_sweep,1,

wep_summoned_valkyrie,Rocket Girl From Idle,48,55,1.83,18-10f,,,,15,,0.3x1x0.5,spear,box_sweep,1,
wep_summoned_valkyrie,Shield Bash,,18,0.60,,,,,,,,,,0,
wep_summoned_valkyrie,Shield Cancel,40,30,1.00,,,,,0,,,spear,projectile_homing,1,
wep_summoned_valkyrie,Shield Jump,40,20,0.67,,,,,0,0.3,,slash,projectile,1,
wep_summoned_valkyrie,Shield Return,40,30,1.00,,,,,0,,,spear,projectile_homing,1,
wep_summoned_valkyrie,Shield Throw,40,44,1.47,7-240f,,,,7,0.3,,slash,projectile,1,
wep_summoned_valkyrie,Shield Throw Find Target,,1,0.03,,,,,0,,4x4x4,,box,1,
wep_summoned_valkyrie,Sword1,8,60,2.00,,,,,5,,1.2x1x0.5,slash,box_sweep,1,
wep_summoned_valkyrie,Sword2,8,70,2.33,,,,,5,,1.2x1x0.5,slash,box_sweep,1,
wep_summoned_valkyrie,Sword3,8,60,2.00,,,,,5,,1.2x1x0.5,slash,box_sweep,1,
wep_summoned_valkyrie,Sword4,8,70,2.33,,,,,5,,1.4x1.1x0.5,slash,box_sweep,1,
wep_summoned_valkyrie,Sword5,8,60,2.00,,,,,5,,1.2x1x0.5,slash,box_sweep,1,
wep_summoned_valkyrie,Sword6,8,70,2.33,,,,,5,,1.2x1x0.5,slash,box_sweep,1,
wep_summoned_valkyrie,Sword7,30,55,1.83,,,,,5,,1.4x1.1x0.5,slash,box_sweep,1,

wizard_talisman01,Arcaneblast,75,20,0.67,,,,,1,9,,,sphere,1,
wizard_talisman01,Cast,,10,0.33,30,,,,,,,,,0,

wizard_talisman02,Homing Projectile,0,20,0.67,,,,,3,0.8,,fire,projectile_homing,1,
wizard_talisman02,Polymorph Cast,,35,1.17,60,,,,0,,,,,1,
wizard_talisman02,Projectile Blast,,5,0.17,,,,,1,4,,,sphere,2,
wizard_talisman02,Transform,,5,0.17,,,,,0,,,,,1,

wizard_talisman03,Supershield,,20,0.67,3-30f,,,,,,,,,0,

wizard_weapon01,Barrage,10,10,0.33,5-30f,,,,4,,1.5x1.5x0.5,lightning,box,1,
wizard_weapon01,Beam,3,,,,,,,0,,,ice,swipe,1,
wizard_weapon01,Beam Cancel,,1,0.03,,,,,,,,,,0,
wizard_weapon01,Beam Windup,,15,0.50,15-16f,,,,0,,,,,1,
wizard_weapon01,Chain Lightning Idle,15,,,,,,,10,,1x4x2,lightning,box,1,
wizard_weapon01,Chain Lightning Jump1,15,10,0.33,,,,,2,,1x4x2,lightning,box,1,
wizard_weapon01,Chain Lightning Jump2,15,10,0.33,,,,,2,,1x4x2,lightning,box,1,
wizard_weapon01,Chain Lightning Jump3,15,10,0.33,,,,,2,,1x4x2,lightning,box,1,
wizard_weapon01,Fire Bolt,15,31,1.03,3-15f,,,,3,0.4,,fire,projectile,1,
wizard_weapon01,Fireball,0,32,1.07,10-60f,,,,10,0.15,,fire,projectile_lob,1,
wizard_weapon01,Fireball Explosion,40,15,0.50,,,,,0,3,,fire,sphere,1,
wizard_weapon01,Ice Shards,0,25,0.83,10-90f,,,,8,,3x3x2,punch,box,1,
wizard_weapon01,Lightning Shield,,20,0.67,3-600f,,,,,,,,,0,
wizard_weapon01,Orb Of Winter,0,32,1.07,20-600f,,,,20,0.2,,punch,projectile,1,
wizard_weapon01,Orb Of Winter Hover,0,300,10.00,,,,,0,,5x5x1,,box,1,
wizard_weapon01,Serpentine,8,19,0.63,3-180f,,,,3,,1x1x1,,box_sweep,1,

wizard_weapon02,Barrage,10,10,0.33,5-30f,,,,4,,1.5x1.5x0.5,lightning,box,1,
wizard_weapon02,Beam,3,,,,,,,0,,,ice,swipe,1,
wizard_weapon02,Beam Cancel,,1,0.03,,,,,,,,,,0,
wizard_weapon02,Beam Windup,,15,0.50,15-16f,,,,0,,,,,1,
wizard_weapon02,Chain Lightning Idle,15,,,,,,,10,,1x4x2,lightning,box,1,
wizard_weapon02,Chain Lightning Jump1,15,10,0.33,,,,,2,,1x4x2,lightning,box,1,
wizard_weapon02,Chain Lightning Jump2,15,10,0.33,,,,,2,,1x4x2,lightning,box,1,
wizard_weapon02,Chain Lightning Jump3,15,10,0.33,,,,,2,,1x4x2,lightning,box,1,
wizard_weapon02,Fire Bolt,15,31,1.03,3-15f,,,,3,0.4,,fire,projectile,1,
wizard_weapon02,Fireball,0,32,1.07,10-60f,,,,10,0.15,,fire,projectile_lob,1,
wizard_weapon02,Fireball Explosion,40,15,0.50,,,,,0,3,,fire,sphere,1,
wizard_weapon02,Ice Shards,0,25,0.83,10-90f,,,,8,,3x3x2,punch,box,1,
wizard_weapon02,Lightning Shield,,20,0.67,3-600f,,,,,,,,,0,
wizard_weapon02,Orb Of Winter Hover,0,300,10.00,,,,,0,,5x5x1,,box,1,
wizard_weapon02,Serpentine,8,19,0.63,3-180f,,,,3,,1x1x1,,box_sweep,1,
wizard_weapon02,Sinister Beam,3,,,,,,,0,2,,fire,sphere,1,
wizard_weapon02,Sinister Beam Windup,,16,0.53,16-16f,,,,0,,,,,1,
wizard_weapon02,Sinister Flash,50,25,0.83,5-150f,,,,5,,1x3x0.5,fire,box,1,
wizard_weapon02,Sinister Orb,0,32,1.07,20-600f,,,,20,0.2,,fire,projectile,1,
wizard_weapon02,Sinister Orb Hover,8,300,10.00,,,,,0,6,,fire,sphere,7,

wizard_weapon03,Barrage,10,10,0.33,5-30f,,,,4,,1.5x1.5x0.5,lightning,box,1,
wizard_weapon03,Beam,3,,,,,,,0,,,ice,swipe,1,
wizard_weapon03,Beam Cancel,,1,0.03,,,,,,,,,,0,
wizard_weapon03,Beam Windup,,15,0.50,15-16f,,,,0,,,,,1,
wizard_weapon03,Chain Lightning Idle,15,,,,,,,10,,1x4x2,lightning,box,1,
wizard_weapon03,Chain Lightning Jump1,15,10,0.33,,,,,2,,1x4x2,lightning,box,1,
wizard_weapon03,Chain Lightning Jump2,15,10,0.33,,,,,2,,1x4x2,lightning,box,1,
wizard_weapon03,Chain Lightning Jump3,15,10,0.33,,,,,2,,1x4x2,lightning,box,1,
wizard_weapon03,Fire Bolt,15,31,1.03,3-15f,,,,3,0.4,,fire,projectile,1,
wizard_weapon03,Fireball,0,32,1.07,10-60f,,,,10,0.15,,fire,projectile_lob,1,
wizard_weapon03,Fireball Explosion,40,15,0.50,,,,,0,3,,fire,sphere,1,
wizard_weapon03,Ice Shards,0,25,0.83,10-90f,,,,8,,3x3x2,punch,box,1,
wizard_weapon03,Lightning Shield,,20,0.67,3-600f,,,,,,,,,0,
wizard_weapon03,Orb Of Winter,0,32,1.07,20-600f,,,,20,0.2,,punch,projectile,1,
wizard_weapon03,Orb Of Winter Hover,0,300,10.00,,,,,0,,5x5x1,,box,1,
wizard_weapon03,Storm Bolt,5,4,0.13,1-0f,,,,3,0.25,,lightning,projectile,1,
wizard_weapon03,Storm Bomb,30,30,1.00,1-300f,,,,1,0.6,,lightning,projectile_spiral,1,
wizard_weapon03,Storm Bomb Burst,10,15,0.50,,,,,0,3,,lightning,sphere,1,
wizard_weapon03,Storm Serpent,5/20,25,0.83,3-180f,,,,2,2,1x1x1,lightning,sphere,7,

wizard_weapon04,Barrage,10,10,0.33,5-30f,,,,4,,1.5x1.5x0.5,lightning,box,1,
wizard_weapon04,Beam,3,,,,,,,0,,,ice,swipe,1,
wizard_weapon04,Beam Cancel,,1,0.03,,,,,,,,,,0,
wizard_weapon04,Beam Windup,,15,0.50,15-16f,,,,0,,,,,1,
wizard_weapon04,Chain Lightning Idle,15,,,,,,,10,,1x4x2,lightning,box,1,
wizard_weapon04,Chain Lightning Jump1,15,10,0.33,,,,,2,,1x4x2,lightning,box,1,
wizard_weapon04,Chain Lightning Jump2,15,10,0.33,,,,,2,,1x4x2,lightning,box,1,
wizard_weapon04,Chain Lightning Jump3,15,10,0.33,,,,,2,,1x4x2,lightning,box,1,
wizard_weapon04,Fire Bolt,15,31,1.03,3-15f,,,,3,0.4,,fire,projectile,1,
wizard_weapon04,Fireball,0,32,1.07,10-60f,,,,10,0.15,,fire,projectile_lob,1,
wizard_weapon04,Fireball Explosion,40,15,0.50,,,,,0,3,,fire,sphere,1,
wizard_weapon04,Ice Shards,0,25,0.83,10-90f,,,,8,,3x3x2,punch,box,1,
wizard_weapon04,Lightning Shield,,20,0.67,3-600f,,,,,,,,,0,
wizard_weapon04,Orb Of Winter,0,32,1.07,20-600f,,,,20,0.2,,punch,projectile,1,
wizard_weapon04,Orb Of Winter Hover,0,300,10.00,,,,,0,,5x5x1,,box,1,
wizard_weapon04,Serpentine,8,19,0.63,3-180f,,,,3,,1x1x1,,box_sweep,1,
wizard_weapon04,Void Burst,0,10,0.33,5-240f,,,,4,8,,lightning,sphere,1,
wizard_weapon04,Void Chain,2,,,,,,,0,,3.5x3.5x0,,box,1,
wizard_weapon04,Void Shield,,5,0.17,3-360f,,,,1,,,,,1,

wizard_weapon05,Barrage,10,10,0.33,5-30f,,,,4,,1.5x1.5x0.5,lightning,box,1,
wizard_weapon05,Beam,3,,,,,,,0,,,ice,swipe,1,
wizard_weapon05,Beam Cancel,,1,0.03,,,,,,,,,,0,
wizard_weapon05,Beam Windup,,15,0.50,15-16f,,,,0,,,,,1,
wizard_weapon05,Chain Lightning Idle,15,,,,,,,10,,1x4x2,lightning,box,1,
wizard_weapon05,Chain Lightning Jump1,15,10,0.33,,,,,2,,1x4x2,lightning,box,1,
wizard_weapon05,Chain Lightning Jump2,15,10,0.33,,,,,2,,1x4x2,lightning,box,1,
wizard_weapon05,Chain Lightning Jump3,15,10,0.33,,,,,2,,1x4x2,lightning,box,1,
wizard_weapon05,Fire Bolt,32,25,0.83,3-15f,,,,3,0.4,,fire,projectile,1,
wizard_weapon05,Fireball,0,32,1.07,10-60f,,,,10,0.15,,fire,projectile_lob,1,
wizard_weapon05,Fireball Explosion,16,15,0.50,,,,,0,3,,fire,sphere,1,
wizard_weapon05,Ice Shards,0,25,0.83,10-90f,,,,8,,3x3x2,punch,box,1,
wizard_weapon05,Lightning Shield,,20,0.67,3-600f,,,,,,,,,0,
wizard_weapon05,Murderball,16,60,2.00,3-180f,,,,12,0.5,,slash,projectile_grounded,1,
wizard_weapon05,Murderball Return,200,60,2.00,3-180f,,,,0,2,,"spear, slash","sphere, projectile_homing",2,
wizard_weapon05,Orb Of Winter,0,32,1.07,20-600f,,,,20,0.2,,punch,projectile,1,
wizard_weapon05,Orb Of Winter Hover,0,300,10.00,,,,,0,,5x5x1,,box,1,
wizard_weapon05,Serpentine,8,19,0.63,3-180f,,,,3,,1x1x1,,box_sweep,1,

wizard_weapon_base,Barrage,32,10,0.33,5-30f,,,,4,,1.5x1.5x0.5,lightning,box,1,
wizard_weapon_base,Beam,1,,,,,,,0,,,,swipe,1,
wizard_weapon_base,Beam Cancel,,1,0.03,,,,,,,,,,0,
wizard_weapon_base,Beam Windup,,16,0.53,16-16f,,,,0,,,,,1,
wizard_weapon_base,Chain Lightning Idle,64,,,,,,,10,,1x4x2,lightning,box,1,
wizard_weapon_base,Chain Lightning Jump1,64,10,0.33,,,,,2,,1x4x2,lightning,box,1,
wizard_weapon_base,Chain Lightning Jump2,64,10,0.33,,,,,2,,1x4x2,lightning,box,1,
wizard_weapon_base,Chain Lightning Jump3,64,10,0.33,,,,,2,,1x4x2,lightning,box,1,
wizard_weapon_base,Fire Bolt,64,25,0.83,3-15f,,,,3,0.4,,fire,projectile,1,
wizard_weapon_base,Fireball,0,32,1.07,10-60f,,,,10,0.15,,fire,projectile_lob,1,
wizard_weapon_base,Fireball Explosion,112,15,0.50,,,,,0,3,,fire,sphere,1,
wizard_weapon_base,Ice Shards,0,25,0.83,10-180f,,,,10,,3x3x0.5,punch,box,1,
wizard_weapon_base,Lightning Shield,,20,0.67,3-600f,,,,,,,,,0,
wizard_weapon_base,Orb Of Winter,0,32,1.07,20-600f,,,,20,0.2,,punch,projectile,1,
wizard_weapon_base,Orb Of Winter Hover,0,300,10.00,,,,,0,,5x5x1,,box,1,
wizard_weapon_base,Serpentine,8,19,0.63,3-180f,,,,3,,1x1x1,,box_sweep,1,
